{"_type":"export","__export_format":4,"__export_date":"2022-05-30T02:21:07.804Z","__export_source":"insomnia.desktop.app:v2022.3.0","resources":[{"_id":"req_3d1294aa40dd4c1eb2d03e71766ffd80","parentId":"fld_473e4406321e41fd9e42ebc5b2083908","modified":1653835210035,"created":1653827649849,"url":"{{ _.local_server }}web/order","name":"send-to-operator","description":"","method":"POST","body":{"mimeType":"application/json","text":"{\n\t\"event\": \"order\",\n\t\"content\": \"orderId\"\n}"},"parameters":[],"headers":[{"name":"Content-Type","value":"application/json","id":"pair_60b58d641fa04e3d9591d86b95c6815a"}],"authentication":{},"metaSortKey":-1653827649849,"isPrivate":false,"settingStoreCookies":true,"settingSendCookies":true,"settingDisableRenderRequestBody":false,"settingEncodeUrl":true,"settingRebuildPath":true,"settingFollowRedirects":"global","_type":"request"},{"_id":"fld_473e4406321e41fd9e42ebc5b2083908","parentId":"fld_32392f56be274f04b0805e6d96106ef4","modified":1653827481897,"created":1653827479364,"name":"operator","description":"","environment":{},"environmentPropertyOrder":null,"metaSortKey":-1653827450973,"_type":"request_group"},{"_id":"fld_32392f56be274f04b0805e6d96106ef4","parentId":"wrk_caf1c9786ed54f16bcdc8384d42158ea","modified":1653827618785,"created":1653827441730,"name":"web-socket-test","description":"","environment":{},"environmentPropertyOrder":null,"metaSortKey":-1653827441730,"_type":"request_group"},{"_id":"wrk_caf1c9786ed54f16bcdc8384d42158ea","parentId":null,"modified":1651383273707,"created":1651383273707,"name":"Food-delivery","description":"","scope":"collection","_type":"workspace"},{"_id":"req_87757225b60f41e1b5bf4469852bf191","parentId":"fld_473e4406321e41fd9e42ebc5b2083908","modified":1653835217260,"created":1653833107448,"url":"{{ _.local_server }}web/send/user/1","name":"send-to-client-1","description":"","method":"POST","body":{"mimeType":"application/json","text":"{\n\t\"event\": \"order\",\n\t\"content\": \"orderId\"\n}"},"parameters":[],"headers":[{"name":"Content-Type","value":"application/json","id":"pair_60b58d641fa04e3d9591d86b95c6815a"}],"authentication":{},"metaSortKey":-1652691027162,"isPrivate":false,"settingStoreCookies":true,"settingSendCookies":true,"settingDisableRenderRequestBody":false,"settingEncodeUrl":true,"settingRebuildPath":true,"settingFollowRedirects":"global","_type":"request"},{"_id":"req_fa9ab3ffe7ec4d01aa691854c8f00d7c","parentId":"fld_473e4406321e41fd9e42ebc5b2083908","modified":1653835224003,"created":1653833157483,"url":"{{ _.local_server }}web/send/user/2","name":"send-to-client-2","description":"","method":"POST","body":{"mimeType":"application/json","text":"{\n\t\"event\": \"order\",\n\t\"content\": \"orderId\"\n}"},"parameters":[],"headers":[{"name":"Content-Type","value":"application/json","id":"pair_60b58d641fa04e3d9591d86b95c6815a"}],"authentication":{},"metaSortKey":-1652122715818.5,"isPrivate":false,"settingStoreCookies":true,"settingSendCookies":true,"settingDisableRenderRequestBody":false,"settingEncodeUrl":true,"settingRebuildPath":true,"settingFollowRedirects":"global","_type":"request"},{"_id":"req_8e8f4f25b8904b7bbd1815bba6aa5fe7","parentId":"fld_473e4406321e41fd9e42ebc5b2083908","modified":1653835675232,"created":1653835649037,"url":"{{ _.local_server }}web/send/driver/1","name":"send-to-driver","description":"","method":"POST","body":{"mimeType":"application/json","text":"{\n\t\"event\": \"order\",\n\t\"content\": \"orderId\"\n}"},"parameters":[],"headers":[{"name":"Content-Type","value":"application/json","id":"pair_60b58d641fa04e3d9591d86b95c6815a"}],"authentication":{},"metaSortKey":-1651838560146.75,"isPrivate":false,"settingStoreCookies":true,"settingSendCookies":true,"settingDisableRenderRequestBody":false,"settingEncodeUrl":true,"settingRebuildPath":true,"settingFollowRedirects":"global","_type":"request"},{"_id":"req_bbd228575ec04f9a8caeb68a5b7987e3","parentId":"fld_473e4406321e41fd9e42ebc5b2083908","modified":1653837709768,"created":1653837696953,"url":"{{ _.local_server }}web/send/restaurant/1","name":"send-to-restaurant","description":"","method":"POST","body":{"mimeType":"application/json","text":"{\n\t\"event\": \"order\",\n\t\"content\": \"orderId\"\n}"},"parameters":[],"headers":[{"name":"Content-Type","value":"application/json","id":"pair_60b58d641fa04e3d9591d86b95c6815a"}],"authentication":{},"metaSortKey":-1651696482310.875,"isPrivate":false,"settingStoreCookies":true,"settingSendCookies":true,"settingDisableRenderRequestBody":false,"settingEncodeUrl":true,"settingRebuildPath":true,"settingFollowRedirects":"global","_type":"request"},{"_id":"req_81ebfca3dc4a4c68b831bd04659c55bd","parentId":"fld_de19e799a846400a8aba309c8b3d7814","modified":1653120460674,"created":1652097164749,"url":"{{ _.local_server }}web/category/all?page=0&size=10","name":"get-all-category","description":"","method":"GET","body":{},"parameters":[],"headers":[],"authentication":{"type":"bearer","token":"","disabled":true},"metaSortKey":-1650106183601.875,"isPrivate":false,"settingStoreCookies":true,"settingSendCookies":true,"settingDisableRenderRequestBody":false,"settingEncodeUrl":true,"settingRebuildPath":true,"settingFollowRedirects":"global","_type":"request"},{"_id":"fld_de19e799a846400a8aba309c8b3d7814","parentId":"wrk_caf1c9786ed54f16bcdc8384d42158ea","modified":1652097153010,"created":1652097153010,"name":"Web","description":"","environment":{},"environmentPropertyOrder":null,"metaSortKey":-1652097153010,"_type":"request_group"},{"_id":"req_a98b92f4b05a49e58a298c8d36d954e6","parentId":"fld_de19e799a846400a8aba309c8b3d7814","modified":1653120831554,"created":1653120660932,"url":"{{ _.local_server }}web/discount/restaurant/1","name":"discount-with-restaurant-id","description":"","method":"GET","body":{},"parameters":[],"headers":[],"authentication":{"type":"bearer","token":"","disabled":true},"metaSortKey":-1650074252601.2969,"isPrivate":false,"settingStoreCookies":true,"settingSendCookies":true,"settingDisableRenderRequestBody":false,"settingEncodeUrl":true,"settingRebuildPath":true,"settingFollowRedirects":"global","_type":"request"},{"_id":"req_ea40d6266293439eb7b832cb6f533c83","parentId":"fld_de19e799a846400a8aba309c8b3d7814","modified":1653538103606,"created":1653538007353,"url":"{{ _.local_server }}web/file/56b91e92-7eeb-46d9-9eee-14edd97827b3","name":"get-file-with-id","description":"","method":"GET","body":{},"parameters":[],"headers":[],"authentication":{"type":"bearer","token":"","disabled":true},"metaSortKey":-1649962494099.2734,"isPrivate":false,"settingStoreCookies":true,"settingSendCookies":true,"settingDisableRenderRequestBody":false,"settingEncodeUrl":true,"settingRebuildPath":true,"settingFollowRedirects":"global","_type":"request"},{"_id":"req_a92eeda1ed1e40f19c1b48d83a367cc7","parentId":"fld_de19e799a846400a8aba309c8b3d7814","modified":1653538108955,"created":1653538057696,"url":"{{ _.local_server }}web/food-addition/food/1","name":"get-food-addition-with-food-id","description":"","method":"GET","body":{},"parameters":[],"headers":[],"authentication":{"type":"bearer","token":"","disabled":true},"metaSortKey":-1649906614848.2617,"isPrivate":false,"settingStoreCookies":true,"settingSendCookies":true,"settingDisableRenderRequestBody":false,"settingEncodeUrl":true,"settingRebuildPath":true,"settingFollowRedirects":"global","_type":"request"},{"_id":"req_3a172d7008e64802b6efc80a58aeda90","parentId":"fld_de19e799a846400a8aba309c8b3d7814","modified":1653538221624,"created":1653538151451,"url":"{{ _.local_server }}web/food/restaurant/1?page=0&size=10","name":"get-food-with-restaurant-id","description":"","method":"GET","body":{},"parameters":[],"headers":[],"authentication":{"type":"bearer","token":"","disabled":true},"metaSortKey":-1649878675222.7559,"isPrivate":false,"settingStoreCookies":true,"settingSendCookies":true,"settingDisableRenderRequestBody":false,"settingEncodeUrl":true,"settingRebuildPath":true,"settingFollowRedirects":"global","_type":"request"},{"_id":"req_59c6912406ce400288b84b48ac1896c0","parentId":"fld_de19e799a846400a8aba309c8b3d7814","modified":1653538377359,"created":1653538257962,"url":"{{ _.local_server }}web/local-category/restaurant/1","name":"get-local-category-with-restaurant-id","description":"","method":"GET","body":{},"parameters":[],"headers":[],"authentication":{"type":"bearer","token":"","disabled":true},"metaSortKey":-1649864705410.003,"isPrivate":false,"settingStoreCookies":true,"settingSendCookies":true,"settingDisableRenderRequestBody":false,"settingEncodeUrl":true,"settingRebuildPath":true,"settingFollowRedirects":"global","_type":"request"},{"_id":"req_627b8431098a4b2d99b1b869bacd5c20","parentId":"fld_de19e799a846400a8aba309c8b3d7814","modified":1653538454106,"created":1653538406477,"url":"{{ _.local_server }}web/restaurant/all?page=0&size=10","name":"get-restaurants-all","description":"","method":"GET","body":{},"parameters":[],"headers":[],"authentication":{"type":"bearer","token":"","disabled":true},"metaSortKey":-1649857720503.6265,"isPrivate":false,"settingStoreCookies":true,"settingSendCookies":true,"settingDisableRenderRequestBody":false,"settingEncodeUrl":true,"settingRebuildPath":true,"settingFollowRedirects":"global","_type":"request"},{"_id":"req_13a2af6157b24f38811c1fe173c17eed","parentId":"fld_de19e799a846400a8aba309c8b3d7814","modified":1653836130993,"created":1653601244342,"url":"{{ _.local_server }}web/order/calculate","name":"calculate-order-web-no-auth","description":"","method":"POST","body":{"mimeType":"application/json","text":"{\n\t\"restaurantId\": 1,\n\t\"isPickUp\" : false,\n\t\"longitude\": 65.33135188551263,\n\t\"latitude\": 40.114600347322344,\n\t\"orderContentList\": [\n\t\t\t{\n\t\t\t\t\"id\": {% response 'body', 'req_82266ba60f144b5d84c21f38055b0329', 'b64::JFsnY29udGVudCddWzBdWydpZCdd::46b', 'never', 60 %},\n\t\t\t\t\"count\": 2,\n\t\t\t\t\"foodAdditionId\": {% response 'body', 'req_5011932ce30a4d3ea453e4fd80c24113', 'b64::JFswXVsnaWQnXQ==::46b', 'never', 60 %}\n\t\t\t}\n\t\t]\n}"},"parameters":[],"headers":[{"name":"Content-Type","value":"application/json","id":"pair_b611e6e0b8ca4175b8737057aca4fa12"}],"authentication":{"type":"bearer","token":"{% response 'body', 'req_f5a54e49d32e4acdba0fd753ec8790a6', 'b64::JFsnYWNjZXNzX3Rva2VuJ10=::46b', 'never', 60 %}"},"metaSortKey":-1649857720453.6265,"isPrivate":false,"settingStoreCookies":true,"settingSendCookies":true,"settingDisableRenderRequestBody":false,"settingEncodeUrl":true,"settingRebuildPath":true,"settingFollowRedirects":"global","_type":"request"},{"_id":"req_608eea4b29684525854e9b3c89b81110","parentId":"fld_c6a19e93922c48379e3b9b6fa81342c1","modified":1652800365738,"created":1652058789469,"url":"{{ _.local_server }}file/","name":"upload","description":"","method":"POST","body":{"mimeType":"multipart/form-data","params":[{"name":"file","value":"","id":"pair_e494ef2dd87341089813f48c35bd9e82","type":"file","fileName":"/Users/musobekshodmonov/Desktop/Musobek-objective.docx"}]},"parameters":[],"headers":[{"name":"Content-Type","value":"multipart/form-data","id":"pair_e98ce2a6f5804472b8703dcfab4e63fd"}],"authentication":{"type":"bearer","token":"{% response 'body', 'req_f5a54e49d32e4acdba0fd753ec8790a6', 'b64::JFsnYWNjZXNzX3Rva2VuJ10=::46b', 'never', 60 %}"},"metaSortKey":-1651127975695.375,"isPrivate":false,"settingStoreCookies":true,"settingSendCookies":true,"settingDisableRenderRequestBody":false,"settingEncodeUrl":true,"settingRebuildPath":true,"settingFollowRedirects":"global","_type":"request"},{"_id":"fld_c6a19e93922c48379e3b9b6fa81342c1","parentId":"wrk_caf1c9786ed54f16bcdc8384d42158ea","modified":1652058737265,"created":1652058737265,"name":"File-system","description":"","environment":{},"environmentPropertyOrder":null,"metaSortKey":-1652058737265,"_type":"request_group"},{"_id":"req_4de87a168f6b4899943b35a2238df79c","parentId":"fld_c6a19e93922c48379e3b9b6fa81342c1","modified":1653836055605,"created":1652058906033,"url":"{{ _.local_server }}file/4c95c230-0f29-4d20-8b1c-c323aa3ea224","name":"get","description":"","method":"GET","body":{},"parameters":[],"headers":[],"authentication":{"type":"bearer","token":"{% response 'body', 'req_f5a54e49d32e4acdba0fd753ec8790a6', 'b64::JFsnYWNjZXNzX3Rva2VuJ10=::46b', 'never', 60 %}"},"metaSortKey":-1651127975645.375,"isPrivate":false,"settingStoreCookies":true,"settingSendCookies":true,"settingDisableRenderRequestBody":false,"settingEncodeUrl":true,"settingRebuildPath":true,"settingFollowRedirects":"global","_type":"request"},{"_id":"req_7554ee9bfe1941b8b8e9a9cbb2a65520","parentId":"fld_c6a19e93922c48379e3b9b6fa81342c1","modified":1652108262505,"created":1652058984656,"url":"{{ _.local_server }}file/delete/4c95c230-0f29-4d20-8b1c-c323aa3ea224","name":"delete","description":"","method":"DELETE","body":{},"parameters":[],"headers":[],"authentication":{"type":"bearer","token":"{% response 'body', 'req_f5a54e49d32e4acdba0fd753ec8790a6', 'b64::JFsnYWNjZXNzX3Rva2VuJ10=::46b', 'never', 60 %}"},"metaSortKey":-1651127975595.375,"isPrivate":false,"settingStoreCookies":true,"settingSendCookies":true,"settingDisableRenderRequestBody":false,"settingEncodeUrl":true,"settingRebuildPath":true,"settingFollowRedirects":"global","_type":"request"},{"_id":"req_4f8417c770ee4169a6bac01232bf6b27","parentId":"fld_71be0fc76384448fa4b4342e294ba2c2","modified":1653600930828,"created":1653544552999,"url":"{{ _.local_server }}order/calculate","name":"calculate-order","description":"","method":"POST","body":{"mimeType":"application/json","text":"{\n\t\"restaurantId\": 1,\n\t\"isPickUp\" : false,\n\t\"longitude\": 65.33135188551263,\n\t\"latitude\": 40.114600347322344,\n\t\"orderContentList\": [\n\t\t\t{\n\t\t\t\t\"id\": {% response 'body', 'req_82266ba60f144b5d84c21f38055b0329', 'b64::JFsnY29udGVudCddWzBdWydpZCdd::46b', 'never', 60 %},\n\t\t\t\t\"count\": 2,\n\t\t\t\t\"foodAdditionId\": {% response 'body', 'req_5011932ce30a4d3ea453e4fd80c24113', 'b64::JFswXVsnaWQnXQ==::46b', 'never', 60 %}\n\t\t\t}\n\t\t]\n}"},"parameters":[],"headers":[{"name":"Content-Type","value":"application/json","id":"pair_b611e6e0b8ca4175b8737057aca4fa12"}],"authentication":{"type":"bearer","token":"{% response 'body', 'req_f5a54e49d32e4acdba0fd753ec8790a6', 'b64::JFsnYWNjZXNzX3Rva2VuJ10=::46b', 'never', 60 %}"},"metaSortKey":-1649595368599.4375,"isPrivate":false,"settingStoreCookies":true,"settingSendCookies":true,"settingDisableRenderRequestBody":false,"settingEncodeUrl":true,"settingRebuildPath":true,"settingFollowRedirects":"global","_type":"request"},{"_id":"fld_71be0fc76384448fa4b4342e294ba2c2","parentId":"fld_500414223bc44ed1915252e8447c89a1","modified":1653544564566,"created":1653544564566,"name":"order","description":"","environment":{},"environmentPropertyOrder":null,"metaSortKey":-1653544564566,"_type":"request_group"},{"_id":"fld_500414223bc44ed1915252e8447c89a1","parentId":"wrk_caf1c9786ed54f16bcdc8384d42158ea","modified":1651555096094,"created":1651555096094,"name":"User","description":"","environment":{},"environmentPropertyOrder":null,"metaSortKey":-1651555096094,"_type":"request_group"},{"_id":"req_9dff3c1d0dd44849860e3adf4fce3a2e","parentId":"fld_f14756ed3a2042a3b2240a557083b76a","modified":1652873439994,"created":1651554655772,"url":"{{ _.local_server }}address/save","name":"save-flat","description":"","method":"POST","body":{"mimeType":"application/json","text":"{\n\t\"longitude\": 65.33135188551263,\n\t\"latitude\": 40.114600347322344,\n\t\"addressTypeEnum\": \"FLAT\",\n\t\"building\": \"123A\",\n\t\"floor\": 12,\n\t\"house\": \"1024A\"\n}"},"parameters":[],"headers":[{"name":"Content-Type","value":"application/json","id":"pair_e98ce2a6f5804472b8703dcfab4e63fd"}],"authentication":{"type":"bearer","token":"{% response 'body', 'req_f5a54e49d32e4acdba0fd753ec8790a6', 'b64::JFsnYWNjZXNzX3Rva2VuJ10=::46b', 'never', 60 %}"},"metaSortKey":-1651383423625,"isPrivate":false,"settingStoreCookies":true,"settingSendCookies":true,"settingDisableRenderRequestBody":false,"settingEncodeUrl":true,"settingRebuildPath":true,"settingFollowRedirects":"global","_type":"request"},{"_id":"fld_f14756ed3a2042a3b2240a557083b76a","parentId":"fld_500414223bc44ed1915252e8447c89a1","modified":1651555101158,"created":1651554655770,"name":"address","description":"","environment":{},"environmentPropertyOrder":null,"metaSortKey":-1649595368549.4375,"_type":"request_group"},{"_id":"req_490a1affaa194c11879b500208a54d13","parentId":"fld_f14756ed3a2042a3b2240a557083b76a","modified":1652873441926,"created":1651554655777,"url":"{{ _.local_server }}address/save","name":"save-house","description":"","method":"POST","body":{"mimeType":"application/json","text":"{\n\t\"longitude\": 1231213.2323,\n\t\"latitude\": 123233123131.222,\n\t\"addressTypeEnum\": \"HOUSE\",\n\t\"house\": \"1024A\"\n}"},"parameters":[],"headers":[{"name":"Content-Type","value":"application/json","id":"pair_e98ce2a6f5804472b8703dcfab4e63fd"}],"authentication":{"type":"bearer","token":"{% response 'body', 'req_f5a54e49d32e4acdba0fd753ec8790a6', 'b64::JFsnYWNjZXNzX3Rva2VuJ10=::46b', 'never', 60 %}"},"metaSortKey":-1650872527615.75,"isPrivate":false,"settingStoreCookies":true,"settingSendCookies":true,"settingDisableRenderRequestBody":false,"settingEncodeUrl":true,"settingRebuildPath":true,"settingFollowRedirects":"global","_type":"request"},{"_id":"req_74c46273f5ef40e681cba56ef45548cf","parentId":"fld_f14756ed3a2042a3b2240a557083b76a","modified":1653544543552,"created":1651554655774,"url":"{{ _.local_server }}address/user","name":"get-all","description":"","method":"GET","body":{},"parameters":[],"headers":[],"authentication":{"type":"bearer","token":"{% response 'body', 'req_f5a54e49d32e4acdba0fd753ec8790a6', 'b64::JFsnYWNjZXNzX3Rva2VuJ10=::46b', 'never', 60 %}"},"metaSortKey":-1650361631606.5,"isPrivate":false,"settingStoreCookies":true,"settingSendCookies":true,"settingDisableRenderRequestBody":false,"settingEncodeUrl":true,"settingRebuildPath":true,"settingFollowRedirects":"global","_type":"request"},{"_id":"req_97acd385e3104500bd21aad0fae21102","parentId":"fld_f14756ed3a2042a3b2240a557083b76a","modified":1652873442916,"created":1651554655780,"url":"{{ _.local_server }}address/delete/{% response 'body', 'req_74c46273f5ef40e681cba56ef45548cf', 'b64::JFswXVsnaWQnXQ==::46b', 'never', 60 %}","name":"delete","description":"","method":"DELETE","body":{},"parameters":[],"headers":[],"authentication":{"type":"bearer","token":"{% response 'body', 'req_f5a54e49d32e4acdba0fd753ec8790a6', 'b64::JFsnYWNjZXNzX3Rva2VuJ10=::46b', 'never', 60 %}"},"metaSortKey":-1649850735597.25,"isPrivate":false,"settingStoreCookies":true,"settingSendCookies":true,"settingDisableRenderRequestBody":false,"settingEncodeUrl":true,"settingRebuildPath":true,"settingFollowRedirects":"global","_type":"request"},{"_id":"req_f8100cf2852d40d1abb0bc8687bece63","parentId":"fld_1170ece4d49045c2b4e6b979f5bc3fa3","modified":1653544592812,"created":1651554413634,"url":"{{ _.local_server }}main/language","name":"get-all-language","description":"","method":"GET","body":{},"parameters":[],"headers":[],"authentication":{"type":"bearer","token":"{% response 'body', 'req_f5a54e49d32e4acdba0fd753ec8790a6', 'b64::JFsnYWNjZXNzX3Rva2VuJ10=::46b', 'never', 60 %}"},"metaSortKey":-1651554404475,"isPrivate":false,"settingStoreCookies":true,"settingSendCookies":true,"settingDisableRenderRequestBody":false,"settingEncodeUrl":true,"settingRebuildPath":true,"settingFollowRedirects":"global","_type":"request"},{"_id":"fld_1170ece4d49045c2b4e6b979f5bc3fa3","parentId":"wrk_caf1c9786ed54f16bcdc8384d42158ea","modified":1651554404425,"created":1651554404425,"name":"Main","description":"","environment":{},"environmentPropertyOrder":null,"metaSortKey":-1651554404425,"_type":"request_group"},{"_id":"req_f5a54e49d32e4acdba0fd753ec8790a6","parentId":"fld_eb2ce78cbc2c4300a91a24fde0114ba5","modified":1653601687690,"created":1651383704280,"url":"{{ _.local_server }}auth/signin","name":"login","description":"","method":"POST","body":{"mimeType":"application/json","text":"{\n\t\"username\" : \"998934364236\",\n\t\"password\": \"12345\"\n}"},"parameters":[],"headers":[{"name":"Content-Type","value":"application/json","id":"pair_85eb8dd955bf4887a17eb1936b9d3c33"}],"authentication":{},"metaSortKey":-1651383704280,"isPrivate":false,"settingStoreCookies":true,"settingSendCookies":true,"settingDisableRenderRequestBody":false,"settingEncodeUrl":true,"settingRebuildPath":true,"settingFollowRedirects":"global","_type":"request"},{"_id":"fld_eb2ce78cbc2c4300a91a24fde0114ba5","parentId":"wrk_caf1c9786ed54f16bcdc8384d42158ea","modified":1651383678211,"created":1651383678211,"name":"Auth","description":"","environment":{},"environmentPropertyOrder":null,"metaSortKey":-1651383678211,"_type":"request_group"},{"_id":"req_5b76dca0745a4518b3b57efb1a7d2dcf","parentId":"fld_eb2ce78cbc2c4300a91a24fde0114ba5","modified":1652055916421,"created":1652018685672,"url":"{{ _.local_server }}auth/save/user?phoneNumber=998996078433&fullname=Musobek Shodmonov","name":"signup","description":"","method":"GET","body":{"mimeType":"application/json","text":""},"parameters":[],"headers":[{"name":"Content-Type","value":"application/json","id":"pair_85eb8dd955bf4887a17eb1936b9d3c33"}],"authentication":{},"metaSortKey":-1651383563952.5,"isPrivate":false,"settingStoreCookies":true,"settingSendCookies":true,"settingDisableRenderRequestBody":false,"settingEncodeUrl":true,"settingRebuildPath":true,"settingFollowRedirects":"global","_type":"request"},{"_id":"req_5b908405259a4c07a2bef31fe5325ac0","parentId":"fld_eb2ce78cbc2c4300a91a24fde0114ba5","modified":1652058422908,"created":1652057779126,"url":"{{ _.local_server }}auth/activate?phoneNumber=998996078433&code=19881","name":"activate","description":"","method":"GET","body":{"mimeType":"application/json","text":""},"parameters":[],"headers":[{"name":"Content-Type","value":"application/json","id":"pair_85eb8dd955bf4887a17eb1936b9d3c33"}],"authentication":{},"metaSortKey":-1651383493788.75,"isPrivate":false,"settingStoreCookies":true,"settingSendCookies":true,"settingDisableRenderRequestBody":false,"settingEncodeUrl":true,"settingRebuildPath":true,"settingFollowRedirects":"global","_type":"request"},{"_id":"req_39450f772d5148fbb881fa6f3c778c6b","parentId":"fld_eb2ce78cbc2c4300a91a24fde0114ba5","modified":1652058337265,"created":1652058224495,"url":"{{ _.local_server }}auth/restore?phoneNumber=998996078433","name":"restore","description":"","method":"GET","body":{"mimeType":"application/json","text":""},"parameters":[],"headers":[{"name":"Content-Type","value":"application/json","id":"pair_85eb8dd955bf4887a17eb1936b9d3c33"}],"authentication":{},"metaSortKey":-1651383458706.875,"isPrivate":false,"settingStoreCookies":true,"settingSendCookies":true,"settingDisableRenderRequestBody":false,"settingEncodeUrl":true,"settingRebuildPath":true,"settingFollowRedirects":"global","_type":"request"},{"_id":"req_14a8bcbca7054b37bb1289351e2d9798","parentId":"fld_eb2ce78cbc2c4300a91a24fde0114ba5","modified":1652058663386,"created":1652058640711,"url":"{{ _.local_server }}auth/check?phoneNumber=998996078433","name":"check","description":"","method":"GET","body":{"mimeType":"application/json","text":""},"parameters":[],"headers":[{"name":"Content-Type","value":"application/json","id":"pair_85eb8dd955bf4887a17eb1936b9d3c33"}],"authentication":{},"metaSortKey":-1651383441165.9375,"isPrivate":false,"settingStoreCookies":true,"settingSendCookies":true,"settingDisableRenderRequestBody":false,"settingEncodeUrl":true,"settingRebuildPath":true,"settingFollowRedirects":"global","_type":"request"},{"_id":"req_4c8c3adb639649b2a1903cbfa6aa55d3","parentId":"fld_2f30546a2f494a4681965ef38a525678","modified":1653147816268,"created":1652882543680,"url":"{{ _.local_server }}constant/","name":"get-Constants","description":"","method":"GET","body":{},"parameters":[],"headers":[],"authentication":{"type":"bearer","token":"{% response 'body', 'req_f5a54e49d32e4acdba0fd753ec8790a6', 'b64::JFsnYWNjZXNzX3Rva2VuJ10=::46b', 'never', 60 %}"},"metaSortKey":-1650170045603.0312,"isPrivate":false,"settingStoreCookies":true,"settingSendCookies":true,"settingDisableRenderRequestBody":false,"settingEncodeUrl":true,"settingRebuildPath":true,"settingFollowRedirects":"global","_type":"request"},{"_id":"fld_2f30546a2f494a4681965ef38a525678","parentId":"fld_3b03a9604d8a490e8d992637bc3527aa","modified":1652882523783,"created":1652882523783,"name":"project-constant","description":"","environment":{},"environmentPropertyOrder":null,"metaSortKey":-1652882523783,"_type":"request_group"},{"_id":"fld_3b03a9604d8a490e8d992637bc3527aa","parentId":"wrk_caf1c9786ed54f16bcdc8384d42158ea","modified":1651383403395,"created":1651383403395,"name":"Operator","description":"","environment":{},"environmentPropertyOrder":null,"metaSortKey":-1651383403395,"_type":"request_group"},{"_id":"req_898ce52b871d4a088ee7e4018cfc7cd4","parentId":"fld_2f30546a2f494a4681965ef38a525678","modified":1653143875788,"created":1653143782999,"url":"{{ _.local_server }}constant/update","name":"update-constant","description":"","method":"POST","body":{"mimeType":"application/json","text":"{\n\t\"id\": 1,\n\t\"deliveryCost\": 1200\n}"},"parameters":[],"headers":[{"name":"Content-Type","value":"application/json","id":"pair_e98ce2a6f5804472b8703dcfab4e63fd"}],"authentication":{"type":"bearer","token":"{% response 'body', 'req_f5a54e49d32e4acdba0fd753ec8790a6', 'b64::JFsnYWNjZXNzX3Rva2VuJ10=::46b', 'never', 60 %}"},"metaSortKey":-1650170045553.0312,"isPrivate":false,"settingStoreCookies":true,"settingSendCookies":true,"settingDisableRenderRequestBody":false,"settingEncodeUrl":true,"settingRebuildPath":true,"settingFollowRedirects":"global","_type":"request"},{"_id":"req_9721932f35ae4bb6a6b3f9da533f25f3","parentId":"fld_843ea5df30e74fcd90a82a2f4f99eb49","modified":1653120939993,"created":1651383423625,"url":"{{ _.local_server }}category/save/all","name":"save-all","description":"","method":"POST","body":{"mimeType":"application/json","text":"[\n\t[\n\t\t{\n\t\t\t\"name\": \"Category 1\",\n\t\t\t\"language\": \"uz\",\n\t\t\t\"imageUrl\": \"some url\"\n\t\t},\n\t\t{\n\t\t\t\"name\": \"Category 1 in ru\",\n\t\t\t\"language\": \"ru\",\n\t\t\t\"imageUrl\": \"some url\"\n\t\t}\n\t]\n]"},"parameters":[],"headers":[{"name":"Content-Type","value":"application/json","id":"pair_e98ce2a6f5804472b8703dcfab4e63fd"}],"authentication":{"type":"bearer","token":"{% response 'body', 'req_f5a54e49d32e4acdba0fd753ec8790a6', 'b64::JFsnYWNjZXNzX3Rva2VuJ10=::46b', 'never', 60 %}"},"metaSortKey":-1651383423625,"isPrivate":false,"settingStoreCookies":true,"settingSendCookies":true,"settingDisableRenderRequestBody":false,"settingEncodeUrl":true,"settingRebuildPath":true,"settingFollowRedirects":"global","_type":"request"},{"_id":"fld_843ea5df30e74fcd90a82a2f4f99eb49","parentId":"fld_3b03a9604d8a490e8d992637bc3527aa","modified":1651383407656,"created":1651383388779,"name":"category","description":"","environment":{},"environmentPropertyOrder":null,"metaSortKey":-1651383396087.5,"_type":"request_group"},{"_id":"req_b048ce4c80fb486fad09aa90058dc441","parentId":"fld_843ea5df30e74fcd90a82a2f4f99eb49","modified":1653363396781,"created":1652882648960,"url":"{{ _.local_server }}category/save/all","name":"edit","description":"","method":"POST","body":{"mimeType":"application/json","text":"[\n\t[\n\t\t{\n\t\t\t\"name\": \"Category 1\",\n\t\t\t\"language\": \"uz\",\n\t\t\t\"imageUrl\": \"some url\"\n\t\t},\n\t\t{\n\t\t\t\"name\": \"Category 1 in ru\",\n\t\t\t\"language\": \"ru\",\n\t\t\t\"imageUrl\": \"some url\"\n\t\t}\n\t]\n]"},"parameters":[],"headers":[{"name":"Content-Type","value":"application/json","id":"pair_e98ce2a6f5804472b8703dcfab4e63fd"}],"authentication":{"type":"bearer","token":"{% response 'body', 'req_f5a54e49d32e4acdba0fd753ec8790a6', 'b64::JFsnYWNjZXNzX3Rva2VuJ10=::46b', 'never', 60 %}"},"metaSortKey":-1651351492646.2969,"isPrivate":false,"settingStoreCookies":true,"settingSendCookies":true,"settingDisableRenderRequestBody":false,"settingEncodeUrl":true,"settingRebuildPath":true,"settingFollowRedirects":"global","_type":"request"},{"_id":"req_dd7f506317844eab9c3f2864dc2ff554","parentId":"fld_843ea5df30e74fcd90a82a2f4f99eb49","modified":1653119782845,"created":1651386458569,"url":"{{ _.local_server }}category/update/all","name":"edit-all","description":"","method":"POST","body":{"mimeType":"application/json","text":"[\n\t[\n\t\t{\n\t\t\t\"id\": \"{% response 'body', 'req_3ba9b509859c4a3ea2ffb9c602a9ec40', 'b64::JFsnY29udGVudCddWzBdWydpZCdd::46b', 'never', 60 %}\",\n\t\t\t\"name\": \"Category 1\",\n\t\t\t\"language\": \"uz\",\n\t\t\t\"imageUrl\": \"some url updated\"\n\t\t},\n\t\t{\n\t\t\t\"id\": \"{% response 'body', 'req_3ba9b509859c4a3ea2ffb9c602a9ec40', 'b64::JFsnY29udGVudCddWzBdWydpZCdd::46b', 'never', 60 %}\",\n\t\t\t\"name\": \"Category 1 in ru\",\n\t\t\t\"language\": \"ru\",\n\t\t\t\"imageUrl\": \"some url updated\"\n\t\t}\n\t]\n]"},"parameters":[],"headers":[{"name":"Content-Type","value":"application/json","id":"pair_e98ce2a6f5804472b8703dcfab4e63fd"}],"authentication":{"type":"bearer","token":"{% response 'body', 'req_f5a54e49d32e4acdba0fd753ec8790a6', 'b64::JFsnYWNjZXNzX3Rva2VuJ10=::46b', 'never', 60 %}"},"metaSortKey":-1650872527615.75,"isPrivate":false,"settingStoreCookies":true,"settingSendCookies":true,"settingDisableRenderRequestBody":false,"settingEncodeUrl":true,"settingRebuildPath":true,"settingFollowRedirects":"global","_type":"request"},{"_id":"req_3ba9b509859c4a3ea2ffb9c602a9ec40","parentId":"fld_843ea5df30e74fcd90a82a2f4f99eb49","modified":1653595987290,"created":1651386286655,"url":"{{ _.local_server }}category/all?page=0&size=10","name":"get-all","description":"","method":"GET","body":{},"parameters":[],"headers":[],"authentication":{"type":"bearer","token":"{% response 'body', 'req_f5a54e49d32e4acdba0fd753ec8790a6', 'b64::JFsnYWNjZXNzX3Rva2VuJ10=::46b', 'never', 60 %}"},"metaSortKey":-1650361631606.5,"isPrivate":false,"settingStoreCookies":true,"settingSendCookies":true,"settingDisableRenderRequestBody":false,"settingEncodeUrl":true,"settingRebuildPath":true,"settingFollowRedirects":"global","_type":"request"},{"_id":"req_1ce73488e5754381b7e1c1372911dd25","parentId":"fld_843ea5df30e74fcd90a82a2f4f99eb49","modified":1652856106004,"created":1652855249245,"url":"{{ _.local_server }}category/{% response 'body', 'req_3ba9b509859c4a3ea2ffb9c602a9ec40', 'b64::JFsnY29udGVudCddWzBdWydpZCdd::46b', 'never', 60 %}","name":"get-with-id","description":"","method":"GET","body":{},"parameters":[],"headers":[],"authentication":{"type":"bearer","token":"{% response 'body', 'req_f5a54e49d32e4acdba0fd753ec8790a6', 'b64::JFsnYWNjZXNzX3Rva2VuJ10=::46b', 'never', 60 %}"},"metaSortKey":-1650233907604.1875,"isPrivate":false,"settingStoreCookies":true,"settingSendCookies":true,"settingDisableRenderRequestBody":false,"settingEncodeUrl":true,"settingRebuildPath":true,"settingFollowRedirects":"global","_type":"request"},{"_id":"req_19a446af893443a39dbaf208c9a55b5c","parentId":"fld_843ea5df30e74fcd90a82a2f4f99eb49","modified":1651552723553,"created":1651386677542,"url":"{{ _.local_server }}category/delete/{% response 'body', 'req_3ba9b509859c4a3ea2ffb9c602a9ec40', 'b64::JFsnY29udGVudCddWzBdWydpZCdd::46b', 'never', 60 %}","name":"delete","description":"","method":"DELETE","body":{},"parameters":[],"headers":[],"authentication":{"type":"bearer","token":"{% response 'body', 'req_f5a54e49d32e4acdba0fd753ec8790a6', 'b64::JFsnYWNjZXNzX3Rva2VuJ10=::46b', 'never', 60 %}"},"metaSortKey":-1649850735597.25,"isPrivate":false,"settingStoreCookies":true,"settingSendCookies":true,"settingDisableRenderRequestBody":false,"settingEncodeUrl":true,"settingRebuildPath":true,"settingFollowRedirects":"global","_type":"request"},{"_id":"req_3911128549ae498d81fc64cb9563952c","parentId":"fld_71659824d1cb4dfda2c9a6e7f6007f85","modified":1653601685654,"created":1652283079266,"url":"{{ _.local_server }}discount/save","name":"save-free-delivery","description":"","method":"POST","body":{"mimeType":"application/json","text":"\n\t[\n\t\t{\n\t\t\t\"name\": \"Free delivery up to 5000 sum for order greater than 30000\",\n\t\t\t\"language\": \"uz\",\n\t\t\t\"description\": \"some desc\",\n\t\t\t\"active\": true,\n\t\t\t\"discount\": \"FREE_DELIVERY\",\n\t\t\t\"discountReason\": \"TOTAL_SUM\",\n\t\t\t\"startTime\": \"12/12/2022 08:30\",\n\t\t\t\"finishTime\": \"12/12/2022 08:30\",\n\t\t\t\"discountPercent\": 0,\n\t\t\t\"freeDelivery\": true,\n\t\t\t\"count\": 0,\n\t\t\t\"minSum\": 30000.00,\n\t\t\t\"maxSum\": 5000\n\t\t},\n\t\t{\n\t\t\t\"name\": \"Free delivery up to 5000 sum for order greater than 30000 ru\",\n\t\t\t\"language\": \"ru\",\n\t\t\t\"description\": \"some desc in ru\",\n\t\t\t\"active\": true,\n\t\t\t\"discount\": \"FREE_DELIVERY\",\n\t\t\t\"discountReason\": \"TOTAL_SUM\",\n\t\t\t\"startTime\": \"12/12/2022 08:30\",\n\t\t\t\"finishTime\": \"12/12/2022 08:30\",\n\t\t\t\"discountPercent\": 0,\n\t\t\t\"freeDelivery\": true,\n\t\t\t\"count\": 0,\n\t\t\t\"minSum\": 30000.00,\n\t\t\t\"maxSum\": 5000\n\t\t}\n\t]\n"},"parameters":[],"headers":[{"name":"Content-Type","value":"application/json","id":"pair_e98ce2a6f5804472b8703dcfab4e63fd"}],"authentication":{"type":"bearer","token":"{% response 'body', 'req_f5a54e49d32e4acdba0fd753ec8790a6', 'b64::JFsnYWNjZXNzX3Rva2VuJ10=::46b', 'never', 60 %}"},"metaSortKey":-1650984286128.711,"isPrivate":false,"settingStoreCookies":true,"settingSendCookies":true,"settingDisableRenderRequestBody":false,"settingEncodeUrl":true,"settingRebuildPath":true,"settingFollowRedirects":"global","_type":"request"},{"_id":"fld_71659824d1cb4dfda2c9a6e7f6007f85","parentId":"fld_3b03a9604d8a490e8d992637bc3527aa","modified":1652059102507,"created":1652059102507,"name":"discount","description":"","environment":{},"environmentPropertyOrder":null,"metaSortKey":-1650872531076.625,"_type":"request_group"},{"_id":"req_683fa9a3af7040ba95f5cc00d11dc379","parentId":"fld_71659824d1cb4dfda2c9a6e7f6007f85","modified":1653599869534,"created":1653546831341,"url":"{{ _.local_server }}discount/save","name":"save-additional-food","description":"","method":"POST","body":{"mimeType":"application/json","text":"\n\t[\n\t\t{\n\t\t\t\"name\": \"Discount Additional Food\",\n\t\t\t\"language\": \"uz\",\n\t\t\t\"description\": \"some desc\",\n\t\t\t\"active\": true,\n\t\t\t\"discount\": \"ADDITIONAL_FOOD\",\n\t\t\t\"discountReason\": \"TOTAL_SUM\",\n\t\t\t\"startTime\": \"12/12/2022 08:30\",\n\t\t\t\"finishTime\": \"12/12/2022 08:30\",\n\t\t\t\"discountPercent\": 0,\n\t\t\t\"freeDelivery\": false,\n\t\t\t\"count\": 0,\n\t\t\t\"minSum\": 10000.00\n\t\t},\n\t\t{\n\t\t\t\"name\": \"Discount Additional Food in ru\",\n\t\t\t\"language\": \"ru\",\n\t\t\t\"description\": \"some desc in ru\",\n\t\t\t\"active\": true,\n\t\t\t\"discount\": \"ADDITIONAL_FOOD\",\n\t\t\t\"discountReason\": \"TOTAL_SUM\",\n\t\t\t\"startTime\": \"12/12/2022 08:30\",\n\t\t\t\"finishTime\": \"12/12/2022 08:30\",\n\t\t\t\"discountPercent\": 0,\n\t\t\t\"freeDelivery\": false,\n\t\t\t\"count\": 0,\n\t\t\t\"minSum\": 10000.00\n\t\t}\n\t]\n"},"parameters":[],"headers":[{"name":"Content-Type","value":"application/json","id":"pair_e98ce2a6f5804472b8703dcfab4e63fd"}],"authentication":{"type":"bearer","token":"{% response 'body', 'req_f5a54e49d32e4acdba0fd753ec8790a6', 'b64::JFsnYWNjZXNzX3Rva2VuJ10=::46b', 'never', 60 %}"},"metaSortKey":-1650928406872.2305,"isPrivate":false,"settingStoreCookies":true,"settingSendCookies":true,"settingDisableRenderRequestBody":false,"settingEncodeUrl":true,"settingRebuildPath":true,"settingFollowRedirects":"global","_type":"request"},{"_id":"req_9cc1e250f0844f559b402af29d534591","parentId":"fld_71659824d1cb4dfda2c9a6e7f6007f85","modified":1653599993611,"created":1652059102518,"url":"{{ _.local_server }}discount/update","name":"edit","description":"","method":"POST","body":{"mimeType":"application/json","text":"\n\t[\n\t\t{\n\t\t\t\"id\": \"{% response 'body', 'req_f012b3fbeff34eeaa87a0a2cb63afc67', 'b64::JFsnY29udGVudF1bMF1bJ2lkJ10=::46b', 'never', 60 %}\",\n\t\t\t\"name\": \"Free delivery up to 5000 sum for order greater than 30000\",\n\t\t\t\"language\": \"uz\",\n\t\t\t\"description\": \"some desc\",\n\t\t\t\"active\": true,\n\t\t\t\"discount\": \"FREE_DELIVERY\",\n\t\t\t\"discountReason\": \"TOTAL_SUM\",\n\t\t\t\"startTime\": \"12/12/2022 08:30\",\n\t\t\t\"finishTime\": \"12/12/2022 08:30\",\n\t\t\t\"discountPercent\": 0,\n\t\t\t\"freeDelivery\": true,\n\t\t\t\"count\": 0,\n\t\t\t\"minSum\": 30000.00,\n\t\t\t\"maxSum\": 5000\n\t\t},\n\t\t{\n\t\t\t\"id\": \"{% response 'body', 'req_f012b3fbeff34eeaa87a0a2cb63afc67', 'b64::JFsnY29udGVudF1bMF1bJ2lkJ10=::46b', 'never', 60 %}\",\n\t\t\t\"name\": \"Free delivery up to 5000 sum for order greater than 30000 in ru\",\n\t\t\t\"language\": \"ru\",\n\t\t\t\"description\": \"some desc in ru\",\n\t\t\t\"active\": true,\n\t\t\t\"discount\": \"FREE_DELIVERY\",\n\t\t\t\"discountReason\": \"TOTAL_SUM\",\n\t\t\t\"startTime\": \"12/12/2022 08:30\",\n\t\t\t\"finishTime\": \"12/12/2022 08:30\",\n\t\t\t\"discountPercent\": 0,\n\t\t\t\"freeDelivery\": true,\n\t\t\t\"count\": 0,\n\t\t\t\"minSum\": 30000.00,\n\t\t\t\"maxSum\": 5000\n\t\t}\n\t]"},"parameters":[],"headers":[{"name":"Content-Type","value":"application/json","id":"pair_e98ce2a6f5804472b8703dcfab4e63fd"}],"authentication":{"type":"bearer","token":"{% response 'body', 'req_f5a54e49d32e4acdba0fd753ec8790a6', 'b64::JFsnYWNjZXNzX3Rva2VuJ10=::46b', 'never', 60 %}"},"metaSortKey":-1650872527615.75,"isPrivate":false,"settingStoreCookies":true,"settingSendCookies":true,"settingDisableRenderRequestBody":false,"settingEncodeUrl":true,"settingRebuildPath":true,"settingFollowRedirects":"global","_type":"request"},{"_id":"req_f012b3fbeff34eeaa87a0a2cb63afc67","parentId":"fld_71659824d1cb4dfda2c9a6e7f6007f85","modified":1653600099074,"created":1652059102515,"url":"{{ _.local_server }}discount/all?page=0&size=10","name":"get-all","description":"","method":"GET","body":{},"parameters":[],"headers":[],"authentication":{"type":"bearer","token":"{% response 'body', 'req_f5a54e49d32e4acdba0fd753ec8790a6', 'b64::JFsnYWNjZXNzX3Rva2VuJ10=::46b', 'never', 60 %}"},"metaSortKey":-1650361631606.5,"isPrivate":false,"settingStoreCookies":true,"settingSendCookies":true,"settingDisableRenderRequestBody":false,"settingEncodeUrl":true,"settingRebuildPath":true,"settingFollowRedirects":"global","_type":"request"},{"_id":"req_0389c281def843e2acf552f320c15776","parentId":"fld_71659824d1cb4dfda2c9a6e7f6007f85","modified":1652856384337,"created":1652856117802,"url":"{{ _.local_server }}discount/{% response 'body', 'req_f012b3fbeff34eeaa87a0a2cb63afc67', 'b64::JFsnY29udGVudCddWzBdWydpZCdd::46b', 'never', 60 %}","name":"get-with-id","description":"","method":"GET","body":{},"parameters":[],"headers":[],"authentication":{"type":"bearer","token":"{% response 'body', 'req_f5a54e49d32e4acdba0fd753ec8790a6', 'b64::JFsnYWNjZXNzX3Rva2VuJ10=::46b', 'never', 60 %}"},"metaSortKey":-1650106183601.875,"isPrivate":false,"settingStoreCookies":true,"settingSendCookies":true,"settingDisableRenderRequestBody":false,"settingEncodeUrl":true,"settingRebuildPath":true,"settingFollowRedirects":"global","_type":"request"},{"_id":"req_f7421fae776c4312b3baf0d89dcd3d74","parentId":"fld_71659824d1cb4dfda2c9a6e7f6007f85","modified":1652094221916,"created":1652059102521,"url":"{{ _.local_server }}discount/delete/{% response 'body', 'req_f012b3fbeff34eeaa87a0a2cb63afc67', 'b64::JFsnY29udGVudCddWzBdWydpZCdd::46b', 'never', 60 %}","name":"delete","description":"","method":"DELETE","body":{},"parameters":[],"headers":[],"authentication":{"type":"bearer","token":"{% response 'body', 'req_f5a54e49d32e4acdba0fd753ec8790a6', 'b64::JFsnYWNjZXNzX3Rva2VuJ10=::46b', 'never', 60 %}"},"metaSortKey":-1649850735597.25,"isPrivate":false,"settingStoreCookies":true,"settingSendCookies":true,"settingDisableRenderRequestBody":false,"settingEncodeUrl":true,"settingRebuildPath":true,"settingFollowRedirects":"global","_type":"request"},{"_id":"req_fd3766ad5d2242c7bd7d585918883958","parentId":"fld_6db5e23c396c498693eb4f5f77748cff","modified":1653120911415,"created":1651552757288,"url":"{{ _.local_server }}local-category/save","name":"save","description":"","method":"POST","body":{"mimeType":"application/json","text":"[\n\t\t{\n\t\t\t\"name\": \"Burgers\",\n\t\t\t\"language\": \"uz\"\n\t\t},\n\t\t{\n\t\t\t\"name\": \"Burgers in russian\",\n\t\t\t\"language\": \"ru\"\n\t\t}\n]\n"},"parameters":[],"headers":[{"name":"Content-Type","value":"application/json","id":"pair_e98ce2a6f5804472b8703dcfab4e63fd"}],"authentication":{"type":"bearer","token":"{% response 'body', 'req_f5a54e49d32e4acdba0fd753ec8790a6', 'b64::JFsnYWNjZXNzX3Rva2VuJ10=::46b', 'never', 60 %}"},"metaSortKey":-1651383423625,"isPrivate":false,"settingStoreCookies":true,"settingSendCookies":true,"settingDisableRenderRequestBody":false,"settingEncodeUrl":true,"settingRebuildPath":true,"settingFollowRedirects":"global","_type":"request"},{"_id":"fld_6db5e23c396c498693eb4f5f77748cff","parentId":"fld_3b03a9604d8a490e8d992637bc3527aa","modified":1653143986628,"created":1651552757285,"name":"LocalCategory","description":"","environment":{},"environmentPropertyOrder":null,"metaSortKey":-1650617098571.1875,"_type":"request_group"},{"_id":"req_de09f4ce4cb24954ac938089fc9f535d","parentId":"fld_6db5e23c396c498693eb4f5f77748cff","modified":1653120841219,"created":1651552757293,"url":"{{ _.local_server }}local-category/update","name":"edit","description":"","method":"POST","body":{"mimeType":"application/json","text":"[\n\t\t{\n\t\t\t\"id\": \"{% response 'body', 'req_e9ac318e2ddf4b6191709ba375eed2d0', 'b64::JFsnY29udGVudCddWzBdWydpZF0=::46b', 'never', 60 %}\",\n\t\t\t\"name\": \"Burgers edited\",\n\t\t\t\"language\": \"uz\"\n\t\t},\n\t\t{\n\t\t\t\"id\": \"{% response 'body', 'req_e9ac318e2ddf4b6191709ba375eed2d0', 'b64::JFsnY29udGVudCddWzBdWydpZF0=::46b', 'never', 60 %}\",\n\t\t\t\"name\": \"Burgers edited in russian\",\n\t\t\t\"language\": \"ru\"\n\t\t}\n]"},"parameters":[],"headers":[{"name":"Content-Type","value":"application/json","id":"pair_e98ce2a6f5804472b8703dcfab4e63fd"}],"authentication":{"type":"bearer","token":"{% response 'body', 'req_f5a54e49d32e4acdba0fd753ec8790a6', 'b64::JFsnYWNjZXNzX3Rva2VuJ10=::46b', 'never', 60 %}"},"metaSortKey":-1650872527615.75,"isPrivate":false,"settingStoreCookies":true,"settingSendCookies":true,"settingDisableRenderRequestBody":false,"settingEncodeUrl":true,"settingRebuildPath":true,"settingFollowRedirects":"global","_type":"request"},{"_id":"req_e9ac318e2ddf4b6191709ba375eed2d0","parentId":"fld_6db5e23c396c498693eb4f5f77748cff","modified":1653599138846,"created":1651552757291,"url":"{{ _.local_server }}local-category/all?page=0&size=10","name":"get-all","description":"","method":"GET","body":{},"parameters":[],"headers":[],"authentication":{"type":"bearer","token":"{% response 'body', 'req_f5a54e49d32e4acdba0fd753ec8790a6', 'b64::JFsnYWNjZXNzX3Rva2VuJ10=::46b', 'never', 60 %}"},"metaSortKey":-1650361631606.5,"isPrivate":false,"settingStoreCookies":true,"settingSendCookies":true,"settingDisableRenderRequestBody":false,"settingEncodeUrl":true,"settingRebuildPath":true,"settingFollowRedirects":"global","_type":"request"},{"_id":"req_1abd9ae177664b1898978bb5622bf1f5","parentId":"fld_6db5e23c396c498693eb4f5f77748cff","modified":1652856590477,"created":1652856445496,"url":"{{ _.local_server }}local-category/{% response 'body', 'req_e9ac318e2ddf4b6191709ba375eed2d0', 'b64::JFsnY29udGVudCddWzBdWydpZCdd::46b', 'never', 60 %}","name":"get-with-id","description":"","method":"GET","body":{},"parameters":[],"headers":[],"authentication":{"type":"bearer","token":"{% response 'body', 'req_f5a54e49d32e4acdba0fd753ec8790a6', 'b64::JFsnYWNjZXNzX3Rva2VuJ10=::46b', 'never', 60 %}"},"metaSortKey":-1650106183601.875,"isPrivate":false,"settingStoreCookies":true,"settingSendCookies":true,"settingDisableRenderRequestBody":false,"settingEncodeUrl":true,"settingRebuildPath":true,"settingFollowRedirects":"global","_type":"request"},{"_id":"req_772b9be086684451be14d7cc711e7a7d","parentId":"fld_6db5e23c396c498693eb4f5f77748cff","modified":1651553998493,"created":1651552757296,"url":"{{ _.local_server }}local-category/delete/{% response 'body', 'req_e9ac318e2ddf4b6191709ba375eed2d0', 'b64::JFsnY29udGVudCddWzBdWydpZCdd::46b', 'never', 60 %}","name":"delete","description":"","method":"DELETE","body":{},"parameters":[],"headers":[],"authentication":{"type":"bearer","token":"{% response 'body', 'req_f5a54e49d32e4acdba0fd753ec8790a6', 'b64::JFsnYWNjZXNzX3Rva2VuJ10=::46b', 'never', 60 %}"},"metaSortKey":-1649850735597.25,"isPrivate":false,"settingStoreCookies":true,"settingSendCookies":true,"settingDisableRenderRequestBody":false,"settingEncodeUrl":true,"settingRebuildPath":true,"settingFollowRedirects":"global","_type":"request"},{"_id":"req_2b6008aefe314267929aeb8cd5537133","parentId":"fld_e7980ee25d2b48b1af8dd78cea498825","modified":1653147862172,"created":1653142009403,"url":"{{ _.local_server }}restaurant/manager?restaurantId={% response 'body', 'req_31cc9b5b4a0a4ff38b094a4155506831', 'b64::JFsnY29udGVudCddWzBdWydpZCdd::46b', 'never', 60 %}","name":"get-manager","description":"","method":"GET","body":{},"parameters":[],"headers":[],"authentication":{"type":"bearer","token":"{% response 'body', 'req_f5a54e49d32e4acdba0fd753ec8790a6', 'b64::JFsnYWNjZXNzX3Rva2VuJ10=::46b', 'never', 60 %}"},"metaSortKey":-1650297769605.3438,"isPrivate":false,"settingStoreCookies":true,"settingSendCookies":true,"settingDisableRenderRequestBody":false,"settingEncodeUrl":true,"settingRebuildPath":true,"settingFollowRedirects":"global","_type":"request"},{"_id":"fld_e7980ee25d2b48b1af8dd78cea498825","parentId":"fld_c514dba35f644df1b1cef7ea3491253a","modified":1653142000220,"created":1653142000220,"name":"manager","description":"","environment":{},"environmentPropertyOrder":null,"metaSortKey":-1653142000220,"_type":"request_group"},{"_id":"fld_c514dba35f644df1b1cef7ea3491253a","parentId":"fld_3b03a9604d8a490e8d992637bc3527aa","modified":1651386787035,"created":1651386787035,"name":"restaurant","description":"","environment":{},"environmentPropertyOrder":null,"metaSortKey":-1650361666065.75,"_type":"request_group"},{"_id":"req_d38fb4c0c6f94f659016c662500d34eb","parentId":"fld_e7980ee25d2b48b1af8dd78cea498825","modified":1653147571592,"created":1653142106045,"url":"{{ _.local_server }}restaurant/update/manager?phoneNumber=998934364236&restaurantId={% response 'body', 'req_31cc9b5b4a0a4ff38b094a4155506831', 'b64::JFsnY29udGVudCddWzBdWydpZCdd::46b', 'never', 60 %}","name":"save-update-manager","description":"","method":"GET","body":{},"parameters":[],"headers":[],"authentication":{"type":"bearer","token":"{% response 'body', 'req_f5a54e49d32e4acdba0fd753ec8790a6', 'b64::JFsnYWNjZXNzX3Rva2VuJ10=::46b', 'never', 60 %}"},"metaSortKey":-1650297769555.3438,"isPrivate":false,"settingStoreCookies":true,"settingSendCookies":true,"settingDisableRenderRequestBody":false,"settingEncodeUrl":true,"settingRebuildPath":true,"settingFollowRedirects":"global","_type":"request"},{"_id":"req_e9ef977d5a504d2284f54c91f90c7837","parentId":"fld_abecf3c52a064aa691f6086b8c669627","modified":1653600119665,"created":1652276133131,"url":"{{ _.local_server }}discount/restaurant/{% response 'body', 'req_31cc9b5b4a0a4ff38b094a4155506831', 'b64::JFsnY29udGVudCddWzBdWydpZF0=::46b', 'never', 60 %}","name":"get-with-restaurant-id","description":"","method":"GET","body":{},"parameters":[],"headers":[],"authentication":{"type":"bearer","token":"{% response 'body', 'req_f5a54e49d32e4acdba0fd753ec8790a6', 'b64::JFsnYWNjZXNzX3Rva2VuJ10=::46b', 'never', 60 %}"},"metaSortKey":-1651255699710.1875,"isPrivate":false,"settingStoreCookies":true,"settingSendCookies":true,"settingDisableRenderRequestBody":false,"settingEncodeUrl":true,"settingRebuildPath":true,"settingFollowRedirects":"global","_type":"request"},{"_id":"fld_abecf3c52a064aa691f6086b8c669627","parentId":"fld_c514dba35f644df1b1cef7ea3491253a","modified":1652275429278,"created":1652275429278,"name":"discount","description":"","environment":{},"environmentPropertyOrder":null,"metaSortKey":-1652275429278,"_type":"request_group"},{"_id":"req_2bb4804911544bdbbd76ff6de36bd7bc","parentId":"fld_abecf3c52a064aa691f6086b8c669627","modified":1653596917154,"created":1652275619399,"url":"{{ _.local_server }}restaurant/discount/update","name":"save-update-discount-for-restaurant","description":"","method":"POST","body":{"mimeType":"application/json","text":"{\n\t\t\t\"discountId\": \"{% response 'body', 'req_f012b3fbeff34eeaa87a0a2cb63afc67', 'b64::JFsnY29udGVudCddWzBdWydpZCdd::46b', 'never', 60 %}\",\n\t\t\t\"restaurantId\": \"{% response 'body', 'req_31cc9b5b4a0a4ff38b094a4155506831', 'b64::JFsnY29udGVudCddWzBdWydpZCdd::46b', 'never', 60 %}\",\n\t\t\t\"giftedFoodId\": null\n}"},"parameters":[],"headers":[{"name":"Content-Type","value":"application/json","id":"pair_e98ce2a6f5804472b8703dcfab4e63fd"}],"authentication":{"type":"bearer","token":"{% response 'body', 'req_f5a54e49d32e4acdba0fd753ec8790a6', 'b64::JFsnYWNjZXNzX3Rva2VuJ10=::46b', 'never', 60 %}"},"metaSortKey":-1651255699660.1875,"isPrivate":false,"settingStoreCookies":true,"settingSendCookies":true,"settingDisableRenderRequestBody":false,"settingEncodeUrl":true,"settingRebuildPath":true,"settingFollowRedirects":"global","_type":"request"},{"_id":"req_c1b83a85cdff4b549201ba63e663a128","parentId":"fld_abecf3c52a064aa691f6086b8c669627","modified":1653599848198,"created":1653546491358,"url":"{{ _.local_server }}restaurant/discount/update","name":"save-update-gifted-food","description":"","method":"POST","body":{"mimeType":"application/json","text":"{\n\t\t\t\"discountId\": 5,\n\t\t\t\"restaurantId\": 1,\n\t\t\t\"giftedFoodId\": [\n\t\t\t\t2\n\t\t\t]\n}"},"parameters":[],"headers":[{"name":"Content-Type","value":"application/json","id":"pair_e98ce2a6f5804472b8703dcfab4e63fd"}],"authentication":{"type":"bearer","token":"{% response 'body', 'req_f5a54e49d32e4acdba0fd753ec8790a6', 'b64::JFsnYWNjZXNzX3Rva2VuJ10=::46b', 'never', 60 %}"},"metaSortKey":-1651223768668.9844,"isPrivate":false,"settingStoreCookies":true,"settingSendCookies":true,"settingDisableRenderRequestBody":false,"settingEncodeUrl":true,"settingRebuildPath":true,"settingFollowRedirects":"global","_type":"request"},{"_id":"req_649edaabbc8f4787b57a298a69462282","parentId":"fld_abecf3c52a064aa691f6086b8c669627","modified":1653600114750,"created":1653155584236,"url":"{{ _.local_server }}restaurant/discount/update","name":"save-update-free-delivery","description":"","method":"POST","body":{"mimeType":"application/json","text":"{\n\t\t\t\"discountId\": \"{% response 'body', 'req_f012b3fbeff34eeaa87a0a2cb63afc67', 'b64::JFsnY29udGVudCddWzBdWydpZCdd::46b', 'never', 60 %}\",\n\t\t\t\"restaurantId\": \"{% response 'body', 'req_31cc9b5b4a0a4ff38b094a4155506831', 'b64::JFsnY29udGVudCddWzBdWydpZCdd::46b', 'never', 60 %}\"\n}"},"parameters":[],"headers":[{"name":"Content-Type","value":"application/json","id":"pair_e98ce2a6f5804472b8703dcfab4e63fd"}],"authentication":{"type":"bearer","token":"{% response 'body', 'req_f5a54e49d32e4acdba0fd753ec8790a6', 'b64::JFsnYWNjZXNzX3Rva2VuJ10=::46b', 'never', 60 %}"},"metaSortKey":-1651191837677.7812,"isPrivate":false,"settingStoreCookies":true,"settingSendCookies":true,"settingDisableRenderRequestBody":false,"settingEncodeUrl":true,"settingRebuildPath":true,"settingFollowRedirects":"global","_type":"request"},{"_id":"req_c39e42d9c13a49c08ffe445eb5d4023f","parentId":"fld_abecf3c52a064aa691f6086b8c669627","modified":1653596286321,"created":1653546060785,"url":"{{ _.local_server }}restaurant/delete/{% response 'body', 'req_31cc9b5b4a0a4ff38b094a4155506831', 'b64::JFsnY29udGVudCddWzBdWydpZCdd::46b', 'never', 60 %}/discount/{% response 'body', 'req_f012b3fbeff34eeaa87a0a2cb63afc67', 'b64::JFsnY29udGVudCddWzBdWydpZCdd::46b', 'never', 60 %}","name":"remove-discount-from-restaurant","description":"","method":"DELETE","body":{},"parameters":[],"headers":[],"authentication":{"type":"bearer","token":"{% response 'body', 'req_f5a54e49d32e4acdba0fd753ec8790a6', 'b64::JFsnYWNjZXNzX3Rva2VuJ10=::46b', 'never', 60 %}"},"metaSortKey":-1651159906686.5781,"isPrivate":false,"settingStoreCookies":true,"settingSendCookies":true,"settingDisableRenderRequestBody":false,"settingEncodeUrl":true,"settingRebuildPath":true,"settingFollowRedirects":"global","_type":"request"},{"_id":"req_328fc90ca2c346a4aec421f58d935070","parentId":"fld_abecf3c52a064aa691f6086b8c669627","modified":1653596290609,"created":1653546440792,"url":"{{ _.local_server }}restaurant/delete/1/discount/5","name":"remove-discount-from-restaurant-2","description":"","method":"DELETE","body":{},"parameters":[],"headers":[],"authentication":{"type":"bearer","token":"{% response 'body', 'req_f5a54e49d32e4acdba0fd753ec8790a6', 'b64::JFsnYWNjZXNzX3Rva2VuJ10=::46b', 'never', 60 %}"},"metaSortKey":-1651143941190.9766,"isPrivate":false,"settingStoreCookies":true,"settingSendCookies":true,"settingDisableRenderRequestBody":false,"settingEncodeUrl":true,"settingRebuildPath":true,"settingFollowRedirects":"global","_type":"request"},{"_id":"req_bb32653f45564964b1c3ad0cce94e18d","parentId":"fld_c514dba35f644df1b1cef7ea3491253a","modified":1653142095821,"created":1651386787037,"url":"{{ _.local_server }}restaurant/save/all","name":"save-all","description":"","method":"POST","body":{"mimeType":"application/json","text":"[\n\t[\n\t\t{\n\t\t\t\"name\": \"Restaurant 2\",\n\t\t\t\"language\": \"uz\",\n\t\t\t\"imageUrl\": \"some url\",\n\t\t\t\"longitude\": 65.36094351997453,\n\t\t\t\"latitude\": 40.12596980069514,\n\t\t\t\"active\": true,\n\t\t\t\"openTime\": \"12/12/2022 08:30\",\n\t\t\t\"closeTime\": \"12/12/2022 22:30\",\n\t\t\t\"description\": \"desciption in uzbek language\"\n\t\t},\n\t\t{\n\t\t\t\"name\": \"Restaurant 2 in ru\",\n\t\t\t\"language\": \"ru\",\n\t\t\t\"imageUrl\": \"some url\",\n\t\t\t\"longitude\": 65.36094351997453,\n\t\t\t\"latitude\": 40.12596980069514,\n\t\t\t\"active\": true,\n\t\t\t\"openTime\": \"12/12/2022 08:30\",\n\t\t\t\"closeTime\": \"12/12/2022 22:30\",\n\t\t\t\"description\": \"desciption in russian language\"\n\t\t}\n\t]\n]"},"parameters":[],"headers":[{"name":"Content-Type","value":"application/json","id":"pair_e98ce2a6f5804472b8703dcfab4e63fd"}],"authentication":{"type":"bearer","token":"{% response 'body', 'req_f5a54e49d32e4acdba0fd753ec8790a6', 'b64::JFsnYWNjZXNzX3Rva2VuJ10=::46b', 'never', 60 %}"},"metaSortKey":-1651383423625,"isPrivate":false,"settingStoreCookies":true,"settingSendCookies":true,"settingDisableRenderRequestBody":false,"settingEncodeUrl":true,"settingRebuildPath":true,"settingFollowRedirects":"global","_type":"request"},{"_id":"req_2aa3877e4c304288bbffdb499686eb6d","parentId":"fld_c514dba35f644df1b1cef7ea3491253a","modified":1651552724828,"created":1651386787042,"url":"{{ _.local_server }}restaurant/update/all","name":"edit-all","description":"","method":"POST","body":{"mimeType":"application/json","text":"[\n\t[\n\t\t{\n\t\t\t\"id\": \"{% response 'body', 'req_31cc9b5b4a0a4ff38b094a4155506831', 'b64::JFsnY29udGVudCddWzBdWydpZF0=::46b', 'never', 60 %}\",\n\t\t\t\"name\": \"Restaurant 1\",\n\t\t\t\"languageEnum\": \"uz\",\n\t\t\t\"imageUrl\": \"some url\",\n\t\t\t\"longitude\": 122321,\n\t\t\t\"latitude\": 213123,\n\t\t\t\"active\": true,\n\t\t\t\"openTime\": \"12/12/2022 08:30\",\n\t\t\t\"closeTime\": \"12/12/2022 20:30\"\n\t\t},\n\t\t{\n\t\t\t\"id\": \"{% response 'body', 'req_31cc9b5b4a0a4ff38b094a4155506831', 'b64::JFsnY29udGVudCddWzBdWydpZF0=::46b', 'never', 60 %}\",\n\t\t\t\"name\": \"Restaurant 1 in ru\",\n\t\t\t\"languageEnum\": \"ru\",\n\t\t\t\"imageUrl\": \"some url\",\n\t\t\t\"longitude\": 122321,\n\t\t\t\"latitude\": 213123,\n\t\t\t\"active\": true,\n\t\t\t\"openTime\": \"12/12/2022 08:30\",\n\t\t\t\"closeTime\": \"12/12/2022 20:30\"\n\t\t}\n\t]\n]"},"parameters":[],"headers":[{"name":"Content-Type","value":"application/json","id":"pair_e98ce2a6f5804472b8703dcfab4e63fd"}],"authentication":{"type":"bearer","token":"{% response 'body', 'req_f5a54e49d32e4acdba0fd753ec8790a6', 'b64::JFsnYWNjZXNzX3Rva2VuJ10=::46b', 'never', 60 %}"},"metaSortKey":-1650872527615.75,"isPrivate":false,"settingStoreCookies":true,"settingSendCookies":true,"settingDisableRenderRequestBody":false,"settingEncodeUrl":true,"settingRebuildPath":true,"settingFollowRedirects":"global","_type":"request"},{"_id":"req_31cc9b5b4a0a4ff38b094a4155506831","parentId":"fld_c514dba35f644df1b1cef7ea3491253a","modified":1653547125715,"created":1651386787040,"url":"{{ _.local_server }}restaurant/all?page=0&size=10","name":"get-all","description":"","method":"GET","body":{},"parameters":[],"headers":[],"authentication":{"type":"bearer","token":"{% response 'body', 'req_f5a54e49d32e4acdba0fd753ec8790a6', 'b64::JFsnYWNjZXNzX3Rva2VuJ10=::46b', 'never', 60 %}"},"metaSortKey":-1650361631606.5,"isPrivate":false,"settingStoreCookies":true,"settingSendCookies":true,"settingDisableRenderRequestBody":false,"settingEncodeUrl":true,"settingRebuildPath":true,"settingFollowRedirects":"global","_type":"request"},{"_id":"req_c0b32633282d4f8b88bb00493119019e","parentId":"fld_c514dba35f644df1b1cef7ea3491253a","modified":1652856436456,"created":1652856398969,"url":"{{ _.local_server }}restaurant/{% response 'body', 'req_31cc9b5b4a0a4ff38b094a4155506831', 'b64::JFsnY29udGVudCddWzBdWydpZCdd::46b', 'never', 60 %}","name":"get-with-id","description":"","method":"GET","body":{},"parameters":[],"headers":[],"authentication":{"type":"bearer","token":"{% response 'body', 'req_f5a54e49d32e4acdba0fd753ec8790a6', 'b64::JFsnYWNjZXNzX3Rva2VuJ10=::46b', 'never', 60 %}"},"metaSortKey":-1650106183601.875,"isPrivate":false,"settingStoreCookies":true,"settingSendCookies":true,"settingDisableRenderRequestBody":false,"settingEncodeUrl":true,"settingRebuildPath":true,"settingFollowRedirects":"global","_type":"request"},{"_id":"req_eafc47b7e30d4331bded6999d4b3e4a2","parentId":"fld_c514dba35f644df1b1cef7ea3491253a","modified":1651552717283,"created":1651386787045,"url":"{{ _.local_server }}restaurant/delete/{% response 'body', 'req_31cc9b5b4a0a4ff38b094a4155506831', 'b64::JFsnY29udGVudCddWzBdWydpZCdd::46b', 'never', 60 %}","name":"delete","description":"","method":"DELETE","body":{},"parameters":[],"headers":[],"authentication":{"type":"bearer","token":"{% response 'body', 'req_f5a54e49d32e4acdba0fd753ec8790a6', 'b64::JFsnYWNjZXNzX3Rva2VuJ10=::46b', 'never', 60 %}"},"metaSortKey":-1649850735597.25,"isPrivate":false,"settingStoreCookies":true,"settingSendCookies":true,"settingDisableRenderRequestBody":false,"settingEncodeUrl":true,"settingRebuildPath":true,"settingFollowRedirects":"global","_type":"request"},{"_id":"req_337ae1cf081a4875a3965e958f001f1d","parentId":"fld_e4c105e4fc1842bfbac4babd0586f1e4","modified":1653596146644,"created":1652094372854,"url":"{{ _.local_server }}food/save/all","name":"save-all","description":"","method":"POST","body":{"mimeType":"application/json","text":"[\n\t[\n\t\t{\n\t\t\t\"name\": \"Cola 1.5l\",\n\t\t\t\"price\": 10000,\n\t\t\t\"restaurantId\": \"{% response 'body', 'req_31cc9b5b4a0a4ff38b094a4155506831', 'b64::JFsnY29udGVudCddWzBdWydpZF0=::46b', 'never', 60 %}\",\n\t\t\t\"localCategoryId\": \"{% response 'body', 'req_e9ac318e2ddf4b6191709ba375eed2d0', 'b64::JFsnY29udGVudCddWzBdWydpZCdd::46b', 'never', 60 %}\",\n\t\t\t\"categoryId\": \"{% response 'body', 'req_3ba9b509859c4a3ea2ffb9c602a9ec40', 'b64::JFsnY29udGVudCddWzBdWydpZCdd::46b', 'never', 60 %}\",\n\t\t\t\"language\": \"uz\",\n\t\t\t\"imageUrl\": \"some url\",\n\t\t\t\"preparationMinute\": 0,\n\t\t\t\"description\": \"desciption in uzbek language\"\n\t\t},\n\t\t{\n\t\t\t\"name\": \"Cola 1.5l in ru\",\n\t\t\t\"price\": 10000,\n\t\t\t\"restaurantId\": \"{% response 'body', 'req_31cc9b5b4a0a4ff38b094a4155506831', 'b64::JFsnY29udGVudCddWzBdWydpZF0=::46b', 'never', 60 %}\",\n\t\t\t\"localCategoryId\": \"{% response 'body', 'req_e9ac318e2ddf4b6191709ba375eed2d0', 'b64::JFsnY29udGVudCddWzBdWydpZCdd::46b', 'never', 60 %}\",\n\t\t\t\"categoryId\": \"{% response 'body', 'req_3ba9b509859c4a3ea2ffb9c602a9ec40', 'b64::JFsnY29udGVudCddWzBdWydpZCdd::46b', 'never', 60 %}\",\n\t\t\t\"language\": \"ru\",\n\t\t\t\"imageUrl\": \"some url\",\n\t\t\t\"preparationMinute\": 0,\n\t\t\t\"description\": \"desciption in russian language\"\n\t\t}\n\t]\n]"},"parameters":[],"headers":[{"name":"Content-Type","value":"application/json","id":"pair_e98ce2a6f5804472b8703dcfab4e63fd"}],"authentication":{"type":"bearer","token":"{% response 'body', 'req_f5a54e49d32e4acdba0fd753ec8790a6', 'b64::JFsnYWNjZXNzX3Rva2VuJ10=::46b', 'never', 60 %}"},"metaSortKey":-1651383423625,"isPrivate":false,"settingStoreCookies":true,"settingSendCookies":true,"settingDisableRenderRequestBody":false,"settingEncodeUrl":true,"settingRebuildPath":true,"settingFollowRedirects":"global","_type":"request"},{"_id":"fld_e4c105e4fc1842bfbac4babd0586f1e4","parentId":"fld_3b03a9604d8a490e8d992637bc3527aa","modified":1652094372852,"created":1652094372852,"name":"Food","description":"","environment":{},"environmentPropertyOrder":null,"metaSortKey":-1650106233560.3125,"_type":"request_group"},{"_id":"req_2787b9f7016847eaa664179d3d81562a","parentId":"fld_e4c105e4fc1842bfbac4babd0586f1e4","modified":1652095333779,"created":1652094372859,"url":"{{ _.local_server }}food/update/all","name":"edit-all","description":"","method":"POST","body":{"mimeType":"application/json","text":"[\n\t[\n\t\t{\n\t\t\t\"id\": \"{% response 'body', 'req_82266ba60f144b5d84c21f38055b0329', 'b64::JFsnY29udGVudCddWzBdWydpZCdd::46b', 'never', 60 %}\",\n\t\t\t\"name\": \"Food 2\",\n\t\t\t\"price\": 12323,\n\t\t\t\"restaurantId\": \"{% response 'body', 'req_31cc9b5b4a0a4ff38b094a4155506831', 'b64::JFsnY29udGVudCddWzBdWydpZF0=::46b', 'never', 60 %}\",\n\t\t\t\"localCategoryId\": \"{% response 'body', 'req_e9ac318e2ddf4b6191709ba375eed2d0', 'b64::JFsnY29udGVudCddWzBdWydpZCdd::46b', 'never', 60 %}\",\n\t\t\t\"categoryId\": \"{% response 'body', 'req_3ba9b509859c4a3ea2ffb9c602a9ec40', 'b64::JFsnY29udGVudCddWzBdWydpZCdd::46b', 'never', 60 %}\",\n\t\t\t\"language\": \"uz\",\n\t\t\t\"imageUrl\": \"some url\",\n\t\t\t\"preparationMinute\": 20,\n\t\t\t\"description\": \"desciption in uzbek language\"\n\t\t},\n\t\t{\n\t\t\t\"id\": \"{% response 'body', 'req_82266ba60f144b5d84c21f38055b0329', 'b64::JFsnY29udGVudCddWzBdWydpZCdd::46b', 'never', 60 %}\",\n\t\t\t\"name\": \"Food 2 in ru\",\n\t\t\t\"price\": 12323,\n\t\t\t\"restaurantId\": \"{% response 'body', 'req_31cc9b5b4a0a4ff38b094a4155506831', 'b64::JFsnY29udGVudCddWzBdWydpZF0=::46b', 'never', 60 %}\",\n\t\t\t\"localCategoryId\": \"{% response 'body', 'req_e9ac318e2ddf4b6191709ba375eed2d0', 'b64::JFsnY29udGVudCddWzBdWydpZCdd::46b', 'never', 60 %}\",\n\t\t\t\"categoryId\": \"{% response 'body', 'req_3ba9b509859c4a3ea2ffb9c602a9ec40', 'b64::JFsnY29udGVudCddWzBdWydpZCdd::46b', 'never', 60 %}\",\n\t\t\t\"language\": \"ru\",\n\t\t\t\"imageUrl\": \"some url\",\n\t\t\t\"preparationMinute\": 20,\n\t\t\t\"description\": \"desciption in russian language\"\n\t\t}\n\t]\n]"},"parameters":[],"headers":[{"name":"Content-Type","value":"application/json","id":"pair_e98ce2a6f5804472b8703dcfab4e63fd"}],"authentication":{"type":"bearer","token":"{% response 'body', 'req_f5a54e49d32e4acdba0fd753ec8790a6', 'b64::JFsnYWNjZXNzX3Rva2VuJ10=::46b', 'never', 60 %}"},"metaSortKey":-1650872527615.75,"isPrivate":false,"settingStoreCookies":true,"settingSendCookies":true,"settingDisableRenderRequestBody":false,"settingEncodeUrl":true,"settingRebuildPath":true,"settingFollowRedirects":"global","_type":"request"},{"_id":"req_82266ba60f144b5d84c21f38055b0329","parentId":"fld_e4c105e4fc1842bfbac4babd0586f1e4","modified":1653836183913,"created":1652094372857,"url":"{{ _.local_server }}food/operator/restaurant/{% response 'body', 'req_31cc9b5b4a0a4ff38b094a4155506831', 'b64::JFsnY29udGVudCddWzBdWydpZCdd::46b', 'never', 60 %}?page=0&size=10","name":"get-all","description":"","method":"GET","body":{},"parameters":[],"headers":[],"authentication":{"type":"bearer","token":"{% response 'body', 'req_f5a54e49d32e4acdba0fd753ec8790a6', 'b64::JFsnYWNjZXNzX3Rva2VuJ10=::46b', 'never', 60 %}"},"metaSortKey":-1650361631606.5,"isPrivate":false,"settingStoreCookies":true,"settingSendCookies":true,"settingDisableRenderRequestBody":false,"settingEncodeUrl":true,"settingRebuildPath":true,"settingFollowRedirects":"global","_type":"request"},{"_id":"req_f5162ec0a6fd460982927a847c0b6ca3","parentId":"fld_e4c105e4fc1842bfbac4babd0586f1e4","modified":1652856742945,"created":1652856597342,"url":"{{ _.local_server }}food/{% response 'body', 'req_e9ac318e2ddf4b6191709ba375eed2d0', 'b64::JFsnY29udGVudCddWzBdWydpZCdd::46b', 'never', 60 %}","name":"get-with-id","description":"","method":"GET","body":{},"parameters":[],"headers":[],"authentication":{"type":"bearer","token":"{% response 'body', 'req_f5a54e49d32e4acdba0fd753ec8790a6', 'b64::JFsnYWNjZXNzX3Rva2VuJ10=::46b', 'never', 60 %}"},"metaSortKey":-1650106183601.875,"isPrivate":false,"settingStoreCookies":true,"settingSendCookies":true,"settingDisableRenderRequestBody":false,"settingEncodeUrl":true,"settingRebuildPath":true,"settingFollowRedirects":"global","_type":"request"},{"_id":"req_47e10958344a49158ea2c21aa37271b8","parentId":"fld_e4c105e4fc1842bfbac4babd0586f1e4","modified":1652095321830,"created":1652094372861,"url":"{{ _.local_server }}food/delete/{% response 'body', 'req_82266ba60f144b5d84c21f38055b0329', 'b64::JFsnY29udGVudCddWzBdWydpZCdd::46b', 'never', 60 %}","name":"delete","description":"","method":"DELETE","body":{},"parameters":[],"headers":[],"authentication":{"type":"bearer","token":"{% response 'body', 'req_f5a54e49d32e4acdba0fd753ec8790a6', 'b64::JFsnYWNjZXNzX3Rva2VuJ10=::46b', 'never', 60 %}"},"metaSortKey":-1649850735597.25,"isPrivate":false,"settingStoreCookies":true,"settingSendCookies":true,"settingDisableRenderRequestBody":false,"settingEncodeUrl":true,"settingRebuildPath":true,"settingFollowRedirects":"global","_type":"request"},{"_id":"req_df0c65b4df844eb0b6d8eb572ad241c6","parentId":"fld_51dbf8557a5140bc892d5e356b9e282c","modified":1653140407660,"created":1652095462125,"url":"{{ _.local_server }}food-addition/save/all","name":"save-all","description":"","method":"POST","body":{"mimeType":"application/json","text":"[\n\t[\n\t\t{\n\t\t\t\"name\": \"Restaurant 1\",\n\t\t\t\"price\": 12323,\n\t\t\t\"language\": \"uz\",\n\t\t\t\"foodId\": \"{% response 'body', 'req_82266ba60f144b5d84c21f38055b0329', 'b64::JFsnY29udGVudCddWzBdWydpZCdd::46b', 'never', 60 %}\"\n\t\t},\n\t\t{\n\t\t\t\"name\": \"Restaurant 1 in ru\",\n\t\t\t\"price\": 12323,\n\t\t\t\"language\": \"ru\",\n\t\t\t\"foodId\": \"{% response 'body', 'req_82266ba60f144b5d84c21f38055b0329', 'b64::JFsnY29udGVudCddWzBdWydpZCdd::46b', 'never', 60 %}\"\n\t\t}\n\t]\n]"},"parameters":[],"headers":[{"name":"Content-Type","value":"application/json","id":"pair_e98ce2a6f5804472b8703dcfab4e63fd"}],"authentication":{"type":"bearer","token":"{% response 'body', 'req_f5a54e49d32e4acdba0fd753ec8790a6', 'b64::JFsnYWNjZXNzX3Rva2VuJ10=::46b', 'never', 60 %}"},"metaSortKey":-1651383423625,"isPrivate":false,"settingStoreCookies":true,"settingSendCookies":true,"settingDisableRenderRequestBody":false,"settingEncodeUrl":true,"settingRebuildPath":true,"settingFollowRedirects":"global","_type":"request"},{"_id":"fld_51dbf8557a5140bc892d5e356b9e282c","parentId":"fld_3b03a9604d8a490e8d992637bc3527aa","modified":1652095462122,"created":1652095462122,"name":"Food-Addition","description":"","environment":{},"environmentPropertyOrder":null,"metaSortKey":-1649850801054.875,"_type":"request_group"},{"_id":"req_461938defa2949679747fd9252bc242a","parentId":"fld_51dbf8557a5140bc892d5e356b9e282c","modified":1652096795399,"created":1652095462130,"url":"{{ _.local_server }}food-addition/update/all","name":"edit-all","description":"","method":"POST","body":{"mimeType":"application/json","text":"[\n\t[\n\t\t{\n\t\t\t\"id\": \"{% response 'body', 'req_5011932ce30a4d3ea453e4fd80c24113', 'b64::JFswXVsnaWQnXQ==::46b', 'never', 60 %}\",\n\t\t\t\"name\": \"0.5 portion\",\n\t\t\t\"price\": 12323,\n\t\t\t\"language\": \"uz\",\n\t\t\t\"foodId\": \"{% response 'body', 'req_82266ba60f144b5d84c21f38055b0329', 'b64::JFsnY29udGVudCddWzBdWydpZCdd::46b', 'never', 60 %}\"\n\t\t},\n\t\t{\n\t\t\t\"id\": \"{% response 'body', 'req_5011932ce30a4d3ea453e4fd80c24113', 'b64::JFswXVsnaWQnXQ==::46b', 'never', 60 %}\",\n\t\t\t\"name\": \"0.5 portion in ru\",\n\t\t\t\"price\": 12323,\n\t\t\t\"language\": \"ru\",\n\t\t\t\"foodId\": \"{% response 'body', 'req_82266ba60f144b5d84c21f38055b0329', 'b64::JFsnY29udGVudCddWzBdWydpZCdd::46b', 'never', 60 %}\"\n\t\t}\n\t]\n]"},"parameters":[],"headers":[{"name":"Content-Type","value":"application/json","id":"pair_e98ce2a6f5804472b8703dcfab4e63fd"}],"authentication":{"type":"bearer","token":"{% response 'body', 'req_f5a54e49d32e4acdba0fd753ec8790a6', 'b64::JFsnYWNjZXNzX3Rva2VuJ10=::46b', 'never', 60 %}"},"metaSortKey":-1650872527615.75,"isPrivate":false,"settingStoreCookies":true,"settingSendCookies":true,"settingDisableRenderRequestBody":false,"settingEncodeUrl":true,"settingRebuildPath":true,"settingFollowRedirects":"global","_type":"request"},{"_id":"req_5011932ce30a4d3ea453e4fd80c24113","parentId":"fld_51dbf8557a5140bc892d5e356b9e282c","modified":1653836174281,"created":1652095462128,"url":"{{ _.local_server }}food-addition/food/{% response 'body', 'req_82266ba60f144b5d84c21f38055b0329', 'b64::JFsnY29udGVudCddWzBdWydpZCdd::46b', 'never', 60 %}","name":"get-all","description":"","method":"GET","body":{},"parameters":[],"headers":[],"authentication":{"type":"bearer","token":"{% response 'body', 'req_f5a54e49d32e4acdba0fd753ec8790a6', 'b64::JFsnYWNjZXNzX3Rva2VuJ10=::46b', 'never', 60 %}"},"metaSortKey":-1650361631606.5,"isPrivate":false,"settingStoreCookies":true,"settingSendCookies":true,"settingDisableRenderRequestBody":false,"settingEncodeUrl":true,"settingRebuildPath":true,"settingFollowRedirects":"global","_type":"request"},{"_id":"req_f131e56c2e4e420f8c59f01ba910e1ed","parentId":"fld_51dbf8557a5140bc892d5e356b9e282c","modified":1652872914386,"created":1652856749300,"url":"{{ _.local_server }}food-addition/{% response 'body', 'req_5011932ce30a4d3ea453e4fd80c24113', 'b64::JFswXVsnaWQnXQ==::46b', 'never', 60 %}","name":"get-with-id","description":"","method":"GET","body":{},"parameters":[],"headers":[],"authentication":{"type":"bearer","token":"{% response 'body', 'req_f5a54e49d32e4acdba0fd753ec8790a6', 'b64::JFsnYWNjZXNzX3Rva2VuJ10=::46b', 'never', 60 %}"},"metaSortKey":-1650106183601.875,"isPrivate":false,"settingStoreCookies":true,"settingSendCookies":true,"settingDisableRenderRequestBody":false,"settingEncodeUrl":true,"settingRebuildPath":true,"settingFollowRedirects":"global","_type":"request"},{"_id":"req_2f9d71b9ad984e96b47843948a01fc3e","parentId":"fld_51dbf8557a5140bc892d5e356b9e282c","modified":1652096792809,"created":1652095462132,"url":"{{ _.local_server }}food-addition/delete/{% response 'body', 'req_5011932ce30a4d3ea453e4fd80c24113', 'b64::JFswXVsnaWQnXQ==::46b', 'never', 60 %}","name":"delete","description":"","method":"DELETE","body":{},"parameters":[],"headers":[],"authentication":{"type":"bearer","token":"{% response 'body', 'req_f5a54e49d32e4acdba0fd753ec8790a6', 'b64::JFsnYWNjZXNzX3Rva2VuJ10=::46b', 'never', 60 %}"},"metaSortKey":-1649850735597.25,"isPrivate":false,"settingStoreCookies":true,"settingSendCookies":true,"settingDisableRenderRequestBody":false,"settingEncodeUrl":true,"settingRebuildPath":true,"settingFollowRedirects":"global","_type":"request"},{"_id":"req_f3a5ed92980242ada7f654d8bcfa10ba","parentId":"wrk_caf1c9786ed54f16bcdc8384d42158ea","modified":1653827907412,"created":1652881392826,"url":"{{ _.local_server }}restaurant/distance/secure?page=0&size=10","name":"get-all-restaurant-with-distance","description":"","method":"GET","body":{},"parameters":[],"headers":[],"authentication":{"type":"bearer","token":"{% response 'body', 'req_f5a54e49d32e4acdba0fd753ec8790a6', 'b64::JFsnYWNjZXNzX3Rva2VuJ10=::46b', 'never', 60 %}"},"metaSortKey":-1651383403345,"isPrivate":false,"settingStoreCookies":true,"settingSendCookies":true,"settingDisableRenderRequestBody":false,"settingEncodeUrl":true,"settingRebuildPath":true,"settingFollowRedirects":"global","_type":"request"},{"_id":"req_6fc3f69d0c0a486dbc40807f22605b1b","parentId":"wrk_caf1c9786ed54f16bcdc8384d42158ea","modified":1653463166581,"created":1652539807295,"url":"{{ _.local_server }}google/","name":"test-google","description":"","method":"GET","body":{},"parameters":[],"headers":[],"authentication":{"type":"bearer","token":"{% response 'body', 'req_f5a54e49d32e4acdba0fd753ec8790a6', 'b64::JFsnYWNjZXNzX3Rva2VuJ10=::46b', 'never', 60 %}"},"metaSortKey":-1651383403295,"isPrivate":false,"settingStoreCookies":true,"settingSendCookies":true,"settingDisableRenderRequestBody":false,"settingEncodeUrl":true,"settingRebuildPath":true,"settingFollowRedirects":"global","_type":"request"},{"_id":"env_ad8d4bdb4975e522aa973fa96678afed27bcc484","parentId":"wrk_caf1c9786ed54f16bcdc8384d42158ea","modified":1651383326712,"created":1651383273716,"name":"Base Environment","data":{"local_server":"localhost:8080/api/v1/"},"dataPropertyOrder":{"&":["local_server"]},"color":null,"isPrivate":false,"metaSortKey":1651383273716,"_type":"environment"},{"_id":"jar_ad8d4bdb4975e522aa973fa96678afed27bcc484","parentId":"wrk_caf1c9786ed54f16bcdc8384d42158ea","modified":1651383273718,"created":1651383273718,"name":"Default Jar","cookies":[],"_type":"cookie_jar"},{"_id":"spc_74b7bf55ead64ffb82d2df7d49217a7f","parentId":"wrk_caf1c9786ed54f16bcdc8384d42158ea","modified":1651383273708,"created":1651383273708,"fileName":"Food-delivery","contents":"","contentType":"yaml","_type":"api_spec"},{"_id":"env_2b8e8ec83c82481db59317dd64b308c0","parentId":"env_ad8d4bdb4975e522aa973fa96678afed27bcc484","modified":1652275966483,"created":1651383333296,"name":"local","data":{"local_server":"http://localhost:8000/api/v1/"},"dataPropertyOrder":{"&":["local_server"]},"color":"#067cea","isPrivate":false,"metaSortKey":1651383333296,"_type":"environment"},{"_id":"env_6d29fd816a5947a4bec35f6098fee587","parentId":"env_ad8d4bdb4975e522aa973fa96678afed27bcc484","modified":1652107630401,"created":1652105989695,"name":"Prod","data":{"local_server":"http://92.63.206.30:8000/api/v1/"},"dataPropertyOrder":{"&":["local_server"]},"color":"#e30d0d","isPrivate":false,"metaSortKey":1652105989695,"_type":"environment"}]}